{"re": [0.00018310546875, 0.0177001953125, -0.09832763671875, 0.54962158203125, 0.5753173828125, -0.1295166015625, 0.08428955078125, -0.0189208984375, 0.019287109375], "im": [0.0294189453125, -0.12518310546875, 0.28692626953125, -0.39892578125, 0.47674560546875, -0.5032958984375, 0.33233642578125, -0.14208984375, 0.0438232421875]}